Agent,Market,Difference,Strategy Wins (%)
0.3404948989335839,0.6634645985893894,-0.3229696996558055,
0.433877629655327,0.3179580965424958,0.11591953311283121,
0.8672684314450336,1.304725915363677,-0.43745748391864336,
0.49976108896178634,2.1346207844541265,-1.6348596954923402,
0.2640483313238602,1.703491236085957,-1.439442904762097,
0.4747691072609886,0.34669893916256483,0.12807016809842375,
0.7828126231850324,0.46075972505888774,0.3220528981261447,
0.7053400242752249,0.9388840965958628,-0.2335440723206379,
1.5053104790653542,0.8194886862425428,0.6858217928228114,
0.659578475913153,1.5509994586180462,-0.8914209827048932,
0.5349353899041458,1.973833678725528,-1.4388982888213822,
0.8151705129392929,2.0875905827824344,-1.2724200698431414,
0.8014554273047892,1.3735941985650935,-0.5721387712603042,
0.7231080831860345,1.1750016212463386,-0.4518935380603041,
0.9656829645790194,1.2801673778266345,-0.3144844132476151,
0.7932974964187938,0.9897266202445237,-0.19642912382572997,
0.5396263839561567,0.7022184296428194,-0.16259204568666275,
1.3726352855443031,0.6426591872998717,0.7299760982444314,
0.8353055866186534,1.6284906043569427,-0.7931850177382893,
1.195388313214313,2.16867091824807,-0.9732826050337571,
0.9583451010632749,0.9499987049115641,0.008346396151710733,
0.8076610375024906,1.7043635997059903,-0.8967025622034996,
1.058090567450119,1.0442476447100073,0.013842922740111785,
0.7523265786595907,1.5890602804759062,-0.8367337018163155,
0.4797030247988969,1.3878190087523057,-0.9081159839534088,
0.6810069201929915,1.0369169900182427,-0.3559100698252512,
1.5150473046985073,0.6428586959838857,0.8721886087146217,
0.5827839305952193,0.8870051694249973,-0.30422123882977803,
0.6856654607460965,0.8505312297639731,-0.16486576901787664,
0.8462169067922319,1.3925860012574938,-0.5463690944652618,
0.9612317518370953,1.0811822709220262,-0.11995051908493093,
1.1422537284274021,1.706672232757543,-0.5644185043301408,
0.6314594496124364,0.591303840352733,0.040155609259703406,
0.625901272605643,0.5769221103038226,0.04897916230182042,
0.5637075660473232,1.4535591182616658,-0.8898515522143426,
0.7087695178463215,1.4647541091250558,-0.7559845912787343,
0.6674830171154635,1.5817020407664626,-0.914219023650999,
0.7720984290742969,0.7682454701920985,0.0038529588821983873,
0.7062050466218696,1.404196967628488,-0.6979919210066184,
0.569902849593808,1.6347792329828368,-1.064876383389029,
0.9834893334225966,0.7679124674182792,0.21557686600431736,
0.8648565945627436,1.1080604624059047,-0.24320386784316117,
1.1438783575191689,0.9856124374655811,0.15826592005358775,
0.8807199313984849,1.0681826474748746,-0.18746271607638965,
0.5607013357630041,1.5717549125303436,-1.0110535767673396,
1.07494526335621,0.9118810491490039,0.16306421420720607,
0.8708902944792896,1.2532063382078393,-0.38231604372854977,
0.5589976664129732,0.8022590130757602,-0.24326134666278698,
0.5620580314593037,1.5479949374034643,-0.9859369059441606,
0.867242319174437,1.5073542000944018,-0.6401118809199648,
0.757342315648289,0.550218001485332,0.20712431416295707,
0.4002514236135294,1.6561705925569634,-1.255919168943434,
0.511883478610683,0.8888886498817907,-0.3770051712711078,
0.565667722651606,1.8803397497672016,-1.3146720271155956,
1.1863410844329993,0.6666655760991745,0.5196755083338248,
0.5101220907681296,2.355941053877879,-1.8458189631097495,
0.9930671723417646,1.0068032924632455,-0.013736120121480955,
0.7513605786486267,3.0400703280713604,-2.2887097494227335,
0.7695937715464055,0.7541607684085471,0.015433003137858448,
0.7180717544182806,1.5782084432608283,-0.8601366888425477,
0.7659120920126383,3.0322897869719654,-2.266377694959327,
0.6541732885895961,0.831361124618368,-0.17718783602877186,
0.669942674924837,1.2325455623502748,-0.5626028874254378,
1.133654700722681,1.987180210273379,-0.8535255095506982,
0.7643053720981497,1.4181305997588467,-0.653825227660697,
1.0818817189043242,1.4898588238705193,-0.4079771049661951,
0.9782547462141388,1.7318175832504876,-0.7535628370363489,
1.1404580991956066,2.0000000000000004,-0.8595419008043939,
0.6874159310642832,1.1000039757791966,-0.4125880447149134,
0.6143808740151394,0.762379704588812,-0.14799883057367258,
1.0730040643086485,1.3366046278144301,-0.26360056350578165,
0.6549020085629998,1.2976766533315593,-0.6427746447685595,
0.8335483087050134,1.2709435939550766,-0.4373952852500632,
0.6577161515815204,0.48888960673434273,0.16882654484717768,
1.1146042863476424,0.5381161051669273,0.5764881811807151,
1.086468822607453,1.160857088735532,-0.07438826612807903,
1.098121914275481,0.3201577743118361,0.7779641399636449,
0.6481114198917325,2.2020208744780723,-1.5539094545863397,
0.5291682311360345,0.8439304203701771,-0.31476218923414256,
0.6706908358007279,1.9304511515751464,-1.2597603157744186,
0.8610895673933949,0.8439304203701771,0.017159147023217858,
0.9275618315902784,0.7198444622833291,0.20771736930694928,
0.7237880902622922,2.099993170258275,-1.3762050799959828,
0.5429611878345713,0.6803651102881431,-0.1374039224535718,
0.8209879084719742,0.8835234889934049,-0.06253558052143071,
0.8833575865641775,0.545456188332572,0.3379013982316055,
0.6033329261891457,1.249258202559849,-0.6459252763707034,
0.5388587133311795,1.7053261345750341,-1.1664674212438546,
1.3593820966736734,0.5420177203231714,0.817364376350502,
0.8318679991135202,0.7958291184427043,0.03603888067081584,
0.6514563067380504,1.4617325919015078,-0.8102762851634574,
0.6460658700029592,1.1036469825140276,-0.45758111251106837,
0.24402792423430042,1.1785720586776758,-0.9345441344433754,
0.5805394825121891,0.9816524901725938,-0.4011130076604047,
1.0275959782587958,1.4253894904145445,-0.39779351215574876,
0.812741977113867,1.6383199247894453,-0.8255779476755783,
1.1343549222418767,1.372807184488419,-0.23845226224654237,
0.6864964943583346,1.2939434314826332,-0.6074469371242986,
1.3170114977206306,0.7524950311133872,0.5645164666072434,
0.3575832777014462,1.0056033112286598,-0.6480200335272135,26.0
2.5256509344624307,0.8888868495663023,1.6367640848961285,27.0
0.2651581570513234,0.80117168004727,-0.5360135229959466,26.0
0.9383763070772138,2.340251697801971,-1.4018753907247574,26.0
0.664763781813924,1.2214047781066852,-0.5566409962927612,26.0
0.853935134044321,1.4341440597289115,-0.5802089256845905,26.0
0.8720662445955701,1.5389843993175423,-0.6669181547219721,25.0
1.3138455885686986,1.3787910613532122,-0.06494547278451357,24.0
0.6931309810570266,1.1102761324070352,-0.4171451513500085,24.0
0.458082756076732,0.42468559762602853,0.03339715845070346,24.0
0.7173179528961665,1.1847161361120686,-0.4673981832159021,24.0
0.794835213671159,1.318067491726206,-0.5232322780550471,24.0
0.9117371355435606,0.7461759723879754,0.16556116315558522,25.0
1.2071342079261498,3.428562821063703,-2.2214286131375536,25.0
1.408955146812726,0.48130823629000763,0.9276469105227183,26.0
0.6282766738673842,3.054703472599179,-2.4264267987317947,26.0
1.0409767480879029,1.474287271558169,-0.4333105234702661,26.0
0.6656068844250101,1.5873683815234991,-0.921761497098489,26.0
1.2911181509177905,2.745573361020636,-1.4544552101028454,25.0
0.7627575773658722,1.7741937810992698,-1.0114362037333975,25.0
1.0968273112702176,0.9305537836075696,0.16627352766264802,26.0
0.6892600820759766,0.4357981957973976,0.25346188627857896,26.0
1.2591126494883678,0.5194793274791105,0.7396333220092572,27.0
0.5933906482555994,1.1952050976872313,-0.6018144494316319,26.0
1.4193953747161883,1.7798664541752116,-0.36047107945902335,26.0
1.322810324642802,4.476620293841867,-3.153809969199065,26.0
0.7630333225090444,2.3665317444519998,-1.6034984219429553,26.0
0.6667275811157497,1.6539282354634466,-0.9872006543476969,25.0
0.5345988820805392,1.8181772279400459,-1.2835783458595067,25.0
0.8844717650649138,1.4913114627706756,-0.6068396977057618,25.0
1.2298603753188093,2.2013949683894807,-0.9715345930706714,25.0
0.9144240189776002,1.9148105529284305,-1.0003865339508304,25.0
0.4482868437223054,0.9296867796225478,-0.4813999359002424,25.0
0.6521218161099728,0.8963949868617686,-0.24427317075179578,24.0
0.661735485074108,0.8114285779073144,-0.14969309283320642,23.0
0.9181762458993693,0.7929488569980674,0.12522738890130192,24.0
0.844246235617941,1.2218441188192308,-0.37759788320128984,24.0
0.8369490430297399,0.949405352274577,-0.11245630924483707,24.0
0.6369461304210811,1.3943842321007351,-0.7574381016796541,23.0
1.3090944945493004,1.9290255043005617,-0.6199310097512614,23.0
0.46522851871779425,0.5450644049809501,-0.07983588626315585,23.0
1.1167830799130565,1.394968787694862,-0.2781857077818055,22.0
0.619830162599545,1.893964240258784,-1.274134077659239,22.0
1.0838579566208624,1.0435665421354585,0.040291414485403854,22.0
0.7671817102721981,1.1749994409102167,-0.4078177306380186,22.0
1.0979330257274702,1.2684552576561832,-0.17052223192871296,22.0
1.4120233692477202,2.5684950354001552,-1.156471666152435,21.0
1.3409832369434822,1.3931027072001303,-0.05211947025664809,21.0
0.6951304553409604,1.0597837282834879,-0.3646532729425275,21.0
0.9296567740956034,0.6847922474274247,0.2448645266681787,22.0
0.6142582905635808,1.5969097273237145,-0.9826514367601337,22.0
0.5434494058555205,0.40468452025979645,0.13876488559572403,22.0
0.9509595272804189,0.5555560104936421,0.39540351678677677,23.0
0.3481509280874178,0.2719711618995891,0.07617976618782873,24.0
1.6082108023550474,1.7993887564793989,-0.19117795412435146,24.0
1.7415063017631147,0.7355768104365575,1.0059294913265573,24.0
0.9465706566001468,1.372807184488419,-0.42623652788827227,24.0
1.171314835815863,1.8468524503867023,-0.6755376145708394,24.0
1.0100570489410132,1.7313762303986004,-0.7213191814575872,24.0
0.711599600745267,1.0738507406600306,-0.36225113991476365,23.0
0.8089399107842845,1.7303008307342436,-0.9213609199499591,23.0
0.8552929105098748,1.6171039373182376,-0.7618110268083629,23.0
0.33651332829653396,0.39737414204557203,-0.06086081374903807,23.0
0.7707961792095697,1.2388478118786692,-0.46805163266909955,23.0
0.30896494979584577,0.7311808135916309,-0.42221586379578513,23.0
0.6335060343856704,0.9241822815673992,-0.2906762471817288,23.0
1.099806020194503,3.3871111305859944,-2.2873051103914914,23.0
0.3457475869699556,1.3823475243825325,-1.036599937412577,23.0
0.7378754326889362,1.4628349547529376,-0.7249595220640014,23.0
0.5906328663909896,0.8923077312822981,-0.30167486489130857,23.0
1.1736972306649278,1.7983101597589535,-0.6246129290940257,23.0
0.7055153855500395,0.9015514911260745,-0.196036105576035,23.0
0.5093806657776175,3.2926952219803742,-2.7833145562027566,23.0
0.8260680283866365,0.7637931054069628,0.06227492297967374,24.0
0.4865101299000334,0.535519332200089,-0.049009202300055565,23.0
0.7077573992772054,1.3428693859524226,-0.6351119866752172,22.0
1.0138895625307582,1.7567593704882343,-0.742869807957476,22.0
0.7439771582708142,1.1824329962604232,-0.43845583798960897,21.0
1.0671649032403836,1.2646481244073096,-0.19748322116692596,21.0
0.7121715241327956,1.396886799247899,-0.6847152751151034,21.0
0.900680292397487,3.871300286328779,-2.970619993931292,21.0
1.5238218191441337,0.571006742480232,0.9528150766639017,21.0
0.8009589883511116,1.4955641622597722,-0.6946051739086606,20.0
1.27107761896153,1.0272708922793676,0.2438067266821624,21.0
1.3181401062444549,2.763185631524602,-1.445045525280147,21.0
0.7126265678406104,2.380282838296893,-1.6676562704562827,21.0
1.4814575679194315,0.6269717015517701,0.8544858663676614,21.0
0.6918428918737519,1.752940990751448,-1.0610980988776961,21.0
1.2462491577700354,1.1952050976872313,0.051044060082804155,22.0
0.5569903991328823,3.075182699184844,-2.518192300051962,21.0
0.8680848563045188,1.3373013602362749,-0.46921650393175607,20.0
0.6990848160652764,1.5321023398952716,-0.8330175238299952,20.0
0.9125238787334465,0.7785706837972015,0.13395319493624502,21.0
0.4979562910351446,1.8716238543804642,-1.3736675633453195,21.0
0.570300215201742,1.7484892737252502,-1.1781890585235082,21.0
0.6486029840486689,1.1024835006050453,-0.4538805165563764,21.0
0.22220951543714199,0.4386522945000145,-0.2164427790628725,21.0
0.35045256634832783,1.2576891855140795,-0.9072366191657517,21.0
0.44734448326949844,1.5346049365724883,-1.08726045330299,21.0
2.1027908888729234,0.6138064274293137,1.4889844614436099,21.0
1.3736116749612999,1.2009755605413377,0.17263611441996218,22.0
0.8482519292292744,1.2525942883246441,-0.40434235909536975,21.0
0.8428586450243745,1.0699447949447691,-0.22708614992039466,21.0
0.9601053878458564,1.5784391458674056,-0.6183337580215492,21.0
0.603898578698116,0.5776566397658643,0.026241938932251685,22.0
0.978098885946746,0.8725559801962837,0.10554290575046232,23.0
2.3429175326563487,0.6187838626476956,1.7241336700086531,24.0
0.9027196896321915,1.4939814979933563,-0.5912618083611648,24.0
0.6989166504432217,2.837625755081287,-2.1387091046380653,24.0
2.109398768032036,1.9048107133921652,0.20458805463987062,24.0
0.7390134524025388,1.5555573600408246,-0.8165439076382858,24.0
1.5268376332428015,1.8198655273248487,-0.2930278940820472,24.0
1.983291596019734,2.0246897219124063,-0.04139812589267233,23.0
0.7791731830199675,2.7049587136498334,-1.925785530629866,23.0
0.8879281968974326,0.7638241127845664,0.12410408411286622,23.0
1.0319465473519969,0.9322936630104087,0.09965288434158814,24.0
0.9493402605676495,0.8780510520622142,0.0712892085054353,25.0
1.9591909554026778,2.324604698426775,-0.3654137430240971,25.0
1.2107215204311494,0.775933739378434,0.4347877810527154,26.0
0.9222372414347133,0.5571130199376098,0.36512422149710355,27.0
0.8041465921933691,0.7647042989966653,0.03944229319670389,27.0
1.2771037688805946,0.5109481653003389,0.7661556035802557,27.0
0.5148331358481014,0.8407951342333716,-0.3259619983852702,26.0
0.3868814113856217,1.1666688603441486,-0.7797874489585269,26.0
1.3032320872040593,1.656676616268006,-0.35344452906394674,26.0
0.9245703297876717,2.285893762271357,-1.3613234324836851,26.0
1.132937138448137,0.7731466451989192,0.35979049324921786,27.0
1.4885535642506098,0.7203814572989888,0.768172106951621,28.0
0.8196542434388172,1.4590213308008197,-0.6393670873620025,28.0
1.9845824645909493,2.1295666204319668,-0.14498415584101743,28.0
1.1806475920476334,0.7510221462384387,0.4296254458091947,29.0
0.6143307829860725,1.2274350214297687,-0.6131042384436962,29.0
1.6829482561638809,0.767855962117513,0.9150922940463679,30.0
1.681267385476397,0.5795798300190237,1.1016875554573735,31.0
5.350890096269306,0.7581254301859943,4.592764666083312,32.0
1.38645783800661,0.949065516599469,0.4373923214071409,32.0
3.423679224816037,0.7923701464697128,2.631309078346324,33.0
0.9584092419398685,1.0457217830307493,-0.08731254109088071,33.0
0.9605741334538157,0.7783463453587283,0.18222778809508744,34.0
0.8775726458204253,0.849998517991583,0.027574127828842276,35.0
1.9071982385159882,1.069872439347647,0.8373257991683412,36.0
0.8715748578615439,0.7755751747119808,0.09599968314956309,37.0
1.224349013936397,1.204920622534962,0.01942839140143504,38.0
1.148521566322765,1.9417844576205432,-0.7932628912977782,37.0
1.5506022779973336,1.1772144732071055,0.37338780479022815,38.0
1.2009828146518453,0.7057217267738649,0.4952610878779804,39.0
1.0676594383457396,1.5509994586180462,-0.4833400202723066,39.0
0.9767561675193491,1.7477780797895528,-0.7710219122702037,39.0
1.3453119826852782,0.7378637825517101,0.607448200133568,40.0
0.8848901961828176,1.3115934997121226,-0.42670330352930497,39.0
0.7629501888029964,1.6426192401501378,-0.8796690513471415,39.0
0.7994800512989396,1.2425387079884027,-0.4430586566894631,38.0
1.7079186472193526,0.6738100914871125,1.03410855573224,38.0
2.543144275175424,0.7909547619493189,1.7521895132261052,38.0
1.1584751136116078,0.8076918114574936,0.35078330215411424,39.0
0.8910910358583314,1.034375521279641,-0.14328448542130967,38.0
1.276323564442834,2.0235706576681203,-0.7472470932252864,38.0
0.7807409119834076,1.4246460410519446,-0.643905129068537,38.0
1.7147982249298055,2.0272215820978996,-0.3124233571680941,38.0
2.044501461208134,1.2147207117696,0.8297807494385339,39.0
0.9976316070648124,1.714285714285714,-0.7166541072209016,39.0
2.2429708038901275,2.116990018522476,0.12598078536765156,40.0
1.133055936416574,0.8481301886519351,0.28492574776463886,41.0
1.9528398812451095,1.7083643499061685,0.24447553133894107,42.0
1.1322546074403783,1.6124481612480137,-0.4801935538076354,42.0
1.5225814688765138,1.2313336558364814,0.29124781304003244,43.0
1.3546234495489284,0.922472114782009,0.43215133476691947,44.0
1.2404908550476386,1.2853858671765543,-0.04489501212891578,44.0
1.6178865995380405,0.5586948331679881,1.0591917663700525,45.0
1.1393195557052949,0.6398121863003666,0.49950736940492824,46.0
1.9734301392759583,1.1921301030949372,0.7813000361810212,47.0
1.4677628112022678,1.9933144489886034,-0.5255516377863356,47.0
1.0912171003678948,1.6181297191850155,-0.5269126188171207,47.0
1.0328875828330775,1.396886799247899,-0.3639992164148216,46.0
1.0011550918598062,2.9917574850983253,-1.990602393238519,46.0
1.1324427670402222,0.5613165832981377,0.5711261837420845,47.0
1.0160383241709448,3.1692191243038703,-2.1531808001329256,47.0
0.8368148450201226,2.160667081778403,-1.3238522367582801,47.0
1.2843403481265907,0.9880247223800995,0.2963156257464912,48.0
1.2826530739672577,1.3782322980254853,-0.09557922405822761,48.0
1.0234463936537088,2.077852960272134,-1.054406566618425,48.0
1.4533068224980576,0.5675705938322918,0.8857362286657658,48.0
4.427569063239406,1.0679729613672353,3.3595961018721705,49.0
1.1183899136592836,0.4802259744239021,0.6381639392353815,49.0
0.968396096712695,0.6084917121233274,0.3599043845893676,50.0
1.4505983141539815,1.9982937500415807,-0.5476954358875992,50.0
1.6928502437901325,1.4393064418028514,0.2535438019872811,50.0
1.3348916897985885,0.5544820852041242,0.7804096045944643,51.0
0.8581975831895234,0.8780510520622142,-0.019853468872690794,50.0
1.1711672296861724,0.6698082954214684,0.501358934264704,51.0
0.8076106173264542,1.722217294616129,-0.9146066772896747,51.0
1.1448482642090072,1.5781709411094453,-0.43332267690043813,51.0
1.155909608377826,0.6798020650093989,0.4761075433684271,51.0
1.8807207216572486,0.8569742381765358,1.0237464834807128,52.0
1.4072144493089975,0.6475422457294638,0.7596722035795337,53.0
2.2484159517698794,0.42826208116387293,1.8201538706060065,54.0
1.2414242335926888,1.4776750691777283,-0.23625083558503945,54.0
0.9185999874376283,1.3716518812790337,-0.45305189384140543,54.0
1.339049797980183,0.6847922474274247,0.6542575505527582,55.0
1.5731619553312792,0.7459635438225427,0.8271984115087365,55.0
0.7845025792362632,0.8724834255478673,-0.08798084631160408,54.0
0.7924959606713041,2.134943867293292,-1.342447906621988,54.0
1.654246642648147,0.579911635543531,1.074335007104616,55.0
1.0390724578282629,1.0241892178363592,0.014883239991903663,56.0
1.0717494464265676,2.146339120372499,-1.0745896739459313,55.0
2.525578923042292,1.5014867344804141,1.0240921885618777,55.0
0.8394844174709387,0.7896364854276997,0.04984793204323901,55.0
0.7550882205327424,0.8835326360419539,-0.12844441550921148,55.0
2.730113736961471,0.8779810044773269,1.8521327324841443,56.0
0.6791141649345864,0.8755367081745824,-0.19642254323999597,55.0
0.852622779717001,1.4070178296656919,-0.5543950499486909,55.0
5.627204361849532,1.339599286190163,4.2876050756593695,56.0
2.8719160132151056,1.4426239528870524,1.4292920603280532,57.0
0.9004225055219869,1.9676651028609116,-1.0672425973389248,57.0
1.0443078532625993,1.5561619904733546,-0.5118541372107552,56.0
1.6401596542258656,3.0947716283143376,-1.454611974088472,55.0
0.8539962428288826,0.9115641457693923,-0.05756790294050962,54.0
1.0612987919828794,0.6804099467615093,0.38088884522137,55.0
1.555506489476762,0.5807888018459287,0.9747176876308333,55.0
0.950961559168023,3.0672284777318475,-2.1162669185638245,54.0
3.016875188704906,0.7663974811002678,2.250477707604638,54.0
1.6384246284453146,1.4473651875529672,0.1910594408923474,54.0
0.9453683337136073,0.8370599132969757,0.10830842041663158,55.0
0.6846410413601409,2.0749057883274045,-1.3902647469672635,55.0
1.1647777508898227,0.838508978362268,0.3262687725275547,56.0
0.9951578608676308,1.0909085539096544,-0.09575069304202355,56.0
1.0712925866041216,0.9467771122344575,0.12451547436966415,56.0
1.9538338940115825,0.7944427784001452,1.1593911156114372,56.0
1.1628355486202224,2.206793955114495,-1.0439584064942724,56.0
1.0081250514427398,2.3050029670296133,-1.2968779155868735,56.0
0.7393181717400483,0.597220892230142,0.14209727950990636,56.0
1.3452196340365492,0.7530016033178829,0.5922180307186663,57.0
1.592853911704702,2.1372215882645165,-0.5443676765598144,56.0
1.2863064981449686,1.2074076037415304,0.07889889440343811,56.0
0.7067981266628653,1.0228582763671874,-0.31606014970432206,55.0
0.5768099754817227,0.9170968408725785,-0.34028686539085573,54.0
1.0476048064958619,1.5945256037555142,-0.5469207972596524,53.0
0.9094390614840672,1.627857291906688,-0.7184182304226209,53.0
0.998129952191861,1.5718449114747681,-0.5737149592829072,52.0
1.0827119490805885,2.6552102196066296,-1.572498270526041,51.0
0.7775415452696374,4.285711765289298,-3.5081702200196605,50.0
2.478970112734906,1.1508598543130146,1.3281102584218916,50.0
0.9011520717521129,0.5526361218941027,0.34851594985801015,50.0
0.9227513421006351,3.278701506520955,-2.3559501644203196,50.0
1.3795488013842199,1.8499515420684758,-0.4704027406842559,49.0
0.686723110365016,1.4677006013691334,-0.7809774910041174,48.0
1.0547623888517088,0.7622484687681329,0.2925139200835759,49.0
1.1247065373920626,1.1111123839856152,0.013594153406447429,50.0
1.165590262473017,2.1347560610125202,-0.9691657985395032,49.0
1.4916447971166698,0.7761498035440948,0.715494993572575,50.0
0.8056788881265594,0.5920394245864963,0.21363946354006313,51.0
0.6278361238311126,1.0909085539096544,-0.4630724300785417,51.0
0.6944011027819088,1.316902855234407,-0.6225017524524983,50.0
2.850782979651104,1.066036255261534,1.78474672438957,50.0
0.9247570605924835,0.788104195313552,0.1366528652789315,50.0
2.3342318120620713,1.4836611277010543,0.850570684361017,51.0
0.8451864407228732,0.5572690834010516,0.28791735732182155,52.0
1.053493344608856,1.6171039373182376,-0.5636105927093817,52.0
2.343469318290713,0.7963249067218193,1.547144411568894,53.0
0.8316157736807576,1.0915779167957305,-0.2599621431149729,52.0
3.766868379828694,0.6042772845244995,3.1625910953041947,53.0
0.9897211726497115,1.3325167420033164,-0.3427955693536049,52.0
1.5940574972875319,0.6352045876639227,0.9588529096236091,52.0
0.8269330097579072,0.5679444889853584,0.25898852077254875,52.0
1.7659193821398966,1.0550025777215093,0.7109168044183873,53.0
0.6916527710386251,1.5550381096695198,-0.8633853386308947,52.0
1.3496949265715954,1.6333433172863177,-0.28364839071472225,51.0
1.1285607104030193,1.4959993749813492,-0.36743866457832985,51.0
0.8972496475694705,0.7464801683912823,0.15076947917818817,51.0
1.9865167671536097,2.4076003628674223,-0.4210835957138126,50.0
1.5085750154466806,1.35537169290816,0.15320332253852054,50.0
1.4049032645650956,0.8421074000483462,0.5627958645167495,51.0
0.9853300065674323,1.2961704606327702,-0.3108404540653379,51.0
1.4360644340891853,1.773672085336229,-0.33760765124704384,51.0
2.0571355196393997,0.7709495802431123,1.2861859393962873,52.0
2.8840947810793405,1.7368421052631597,1.1472526758161807,52.0
0.8683563302869273,2.6855145892134233,-1.817158258926496,52.0
0.9078004863184843,1.36444513782624,-0.4566446515077558,52.0
1.2578682211138483,0.5306997977957222,0.7271684233181261,52.0
1.0963717151205694,2.6076779648396653,-1.5113062497190959,52.0
1.0367806281366598,3.132344137442607,-2.095563509305947,52.0
0.8902138641191242,0.8862746457310333,0.003939218388090859,52.0
1.0680994302630715,2.797518071125439,-1.7294186408623675,51.0
1.9916715950503698,1.4558786445355192,0.5357929505148507,51.0
2.325855840055778,1.7202848809199214,0.6055709591358567,51.0
2.1684773708042924,1.0981615871221915,1.070315783682101,52.0
0.666635232268385,1.6202859389031437,-0.9536507066347587,51.0
0.9842408353280121,1.3819568725997544,-0.3977160372717423,50.0
0.995265362851266,0.7299581688768652,0.26530719397440083,51.0
0.9322319915994894,0.8771189600184559,0.055113031581033534,51.0
1.52573456360405,1.7324619699353296,-0.20672740633127962,51.0
1.1711024955471554,0.6694964080548373,0.501606087492318,52.0
1.2579310078715344,2.8606639662324973,-1.6027329583609629,51.0
1.0593646469998377,1.3400408734568925,-0.2806762264570548,50.0
1.027398277309339,1.014206241755389,0.013192035553950099,50.0
0.539258864543224,0.9315582327457896,-0.3922993682025656,49.0
1.011646134878313,0.7424747601854215,0.26917137469289154,50.0
1.528869704692857,0.8914971684740326,0.6373725362188244,51.0
1.0065037647452124,1.3867992319800977,-0.3802954672348853,50.0
1.1782520772928666,1.2488425324040895,-0.07059045511122286,49.0
1.19022341775491,1.1754508865606272,0.01477253119428279,50.0
1.258281985269129,0.7582714903355602,0.5000104949335687,51.0
0.8265715738633841,1.2220800250731323,-0.3955084512097482,50.0
0.7529879912020002,2.1261245154151593,-1.3731365242131592,49.0
0.9000323440986782,1.8508432598333178,-0.9508109157346396,49.0
1.1963248650364597,2.7632706332130086,-1.5669457681765488,48.0
3.8536821160010417,1.167878270347435,2.6858038456536066,48.0
0.8584214067413127,1.588473432904281,-0.7300520261629682,48.0
0.9070895733341015,1.7518483541125751,-0.8447587807784737,47.0
1.544865370520607,0.8825296134318595,0.6623357570887475,48.0
1.1517724819283888,1.1626509023274523,-0.010878420399063504,48.0
1.5478009865575606,2.6313985170881558,-1.0835975305305952,47.0
0.9600601362115718,0.553376359664728,0.40668377654684384,47.0
1.6495310446211842,0.7270490491589717,0.9224819954622124,48.0
1.1442852473708327,1.565013851347054,-0.42072860397622125,48.0
1.5309674666292812,0.7187482718077289,0.8122191948215522,49.0
1.9096003932803054,2.826981094472366,-0.9173807011920605,49.0
1.5310292891860076,1.512799414052988,0.018229875133019657,49.0
1.1664308422241456,0.9515592576886099,0.21487158453553568,49.0
2.7418126224792805,2.3388639173766697,0.4029487051026108,50.0
1.134992068097301,1.4859516829840085,-0.35095961488670757,49.0
1.7474219340356236,1.7459102435560219,0.0015116904796017572,49.0
1.9795559338590651,1.2426483523905805,0.7369075814684847,49.0
1.129928916459096,0.6855688986521037,0.4443600178069923,50.0
1.0438020256662641,2.792651050687536,-1.748849025021272,49.0
2.4052244227478887,0.8499996960901844,1.5552247266577042,50.0
1.1857685827012279,2.1304259048211738,-0.9446573221199459,49.0
1.7694361500333422,1.2674459727726501,0.5019901772606921,49.0
0.9114231029416359,2.908560584792471,-1.9971374818508352,49.0
1.648394134672945,0.6214700972400435,1.0269240374329014,50.0
1.368101291355397,0.48888960673434273,0.8792116846210543,50.0
1.2789542865059889,0.5223199725151044,0.7566343139908844,50.0
1.381287375828251,1.0987646862818086,0.28252268954644233,51.0
1.2500047225536393,0.8275865614540124,0.4224181610996268,51.0
0.8998358482048286,1.3597398315705402,-0.4599039833657116,51.0
1.451403766708274,0.9090903828414146,0.5423133838668593,52.0
1.8867308825639186,1.5623471211464914,0.3243837614174272,53.0
0.8443547437197767,1.4656043597285906,-0.6212496160088139,53.0
1.3940869712110682,2.83849789243334,-1.4444109212222718,53.0
1.79061656108238,0.987461624049789,0.8031549370325911,54.0
0.803515610075539,1.4204562671621197,-0.6169406570865807,54.0
1.130691872615235,1.858467361907757,-0.7277754892925219,53.0
1.1263990314370056,1.4944518921634116,-0.368052860726406,52.0
0.9579208664042209,1.62048495450661,-0.6625640881023891,52.0
0.9808395213010409,0.6269717015517701,0.35386781974927084,53.0
2.704757845095271,0.8725480738142778,1.832209771280993,54.0
1.334083545000537,1.070982307410827,0.26310123758971016,54.0
0.9770934995894169,1.6711989493127202,-0.6941054497233032,53.0
1.7044970610753851,1.2089551881895173,0.4955418728858678,54.0
0.9560216199695543,1.5388012480117232,-0.582779628042169,53.0
1.0191748287154596,1.574014059079792,-0.5548392303643324,52.0
1.1629724565584423,1.832750977182293,-0.6697785206238507,52.0
1.766401004545252,1.1219524680858954,0.6444485364593566,53.0
1.2626815237219686,1.8027885942795052,-0.5401070705575366,52.0
1.7538559212242453,0.5502229985114,1.2036329227128453,52.0
1.6580507401778501,0.3684799006948802,1.28957083948297,52.0
1.0022995026594383,0.7333344284198589,0.2689650742395795,52.0
1.6832947882425033,3.76949361126263,-2.0861988230201267,52.0
1.8944614130349324,1.7313762303986004,0.16308518263633198,52.0
0.9344205694378145,1.4444179431814805,-0.509997373743666,52.0
1.0543643503243105,1.5244717226342324,-0.47010737230992183,51.0
0.7746133938241081,2.0561255475138136,-1.2815121536897056,51.0
1.0184605974202219,1.1854017267869434,-0.16694112936672156,50.0
1.1320248741538268,0.636904001235963,0.4951208729178638,50.0
1.2102509269414068,0.7475794768020932,0.46267145013931354,50.0
1.4957939895385903,0.6698696598794793,0.825924329659111,51.0
3.857008750337889,0.8178426590996122,3.039166091238277,52.0
1.2665855634168879,0.709623583087228,0.5569619803296599,53.0
1.2792521625338946,2.929034133102205,-1.6497819705683103,52.0
3.83741070739373,1.4854800472807577,2.3519306601129726,53.0
3.9506242644097456,0.6557375721570864,3.294886692252659,53.0
0.78246630884543,1.239286422729495,-0.45682011388406507,52.0
2.0059275716625717,2.998368903185406,-0.9924413315228344,52.0
1.880846389645679,1.4109283962640478,0.4699179933816313,53.0
1.1241674945427733,1.3670796082083125,-0.24291211366553922,52.0
0.8653864700839513,1.6392017050839913,-0.77381523500004,51.0
0.7104655012560092,1.202454930457372,-0.4919894292013628,51.0
1.7214902835928056,1.1881682048415552,0.5333220787512505,52.0
1.5402144525348949,1.8411948481311389,-0.300980395596244,51.0
2.8520967179306864,1.9977066137606492,0.8543901041700372,52.0
0.9511381030259991,1.1420466385724943,-0.19090853554649523,52.0
1.178362812596262,1.5545710478205288,-0.37620823522426683,51.0
1.8756297354146132,2.7947927458522215,-0.9191630104376083,51.0
1.020193163302457,0.5131005535422155,0.5070926097602415,51.0
0.8177118828738381,1.1336354623235012,-0.3159235794496631,50.0
1.3053739824486008,1.339391077254642,-0.034017094806041204,49.0
1.6604144357277064,1.4275288577664222,0.23288557796128417,50.0
0.3636038457062427,0.4293598192790075,-0.0657559735727648,50.0
1.144800128355911,1.1511637582994494,-0.00636362994353834,49.0
1.2349419184554957,1.921251200439021,-0.6863092819835253,48.0
2.1277769572075846,1.5257159471511879,0.6020610100563968,49.0
0.8380079053840331,1.8075155516218586,-0.9695076462378255,48.0
0.8297930121720821,1.0127409470316204,-0.1829479348595383,48.0
0.9384688087727541,1.5564149288158073,-0.6179461200430533,48.0
1.0342260496238393,1.0248514129200286,0.00937463670381078,48.0
1.2700905723904514,1.738081951687421,-0.46799137929696966,48.0
0.6031173881459034,0.5986634970879537,0.004453891057949688,48.0
1.5822413381720168,1.9523119137682403,-0.37007057559622347,47.0
2.19716766506328,0.48523111337803876,1.7119365516852412,48.0
0.9785347196732197,0.445517040558461,0.5330176791147587,49.0
1.9245805283009878,1.1013064945652242,0.8232740337357636,49.0
1.4546685711393839,2.1621575150146928,-0.7074889438753089,48.0
1.309725675630538,0.6945458505421068,0.6151798250884312,49.0
0.7983430969440181,1.2751560011762988,-0.47681290423228073,49.0
1.0477682565883024,1.5824627289495767,-0.5346944723612743,49.0
1.2467523931800393,1.1333339404242506,0.11341845275578866,50.0
0.7206660481091642,1.865473789846887,-1.1448077417377227,49.0
1.2757254767412451,1.5099134313421032,-0.23418795460085806,49.0
1.0688732988718406,0.9951671701939386,0.07370612867790194,50.0
0.7276749787102801,1.508373830714278,-0.7806988520039979,49.0
0.8104661656619697,2.7704643485408194,-1.9599981828788495,49.0
1.0140514168114492,1.1325739671933042,-0.118522550381855,49.0
1.1759586657750998,1.5861330488496752,-0.41017438307457543,48.0
1.6573645262118246,1.7948616885566204,-0.1374971623447958,47.0
1.4548843716658855,0.7714842529652125,0.683400118700673,48.0
0.9153441723659766,1.199293614537485,-0.2839494421715084,47.0
0.6432247719745627,2.13092171958172,-1.487696947607157,47.0
0.912561108256526,0.8383229990296629,0.07423810922686314,47.0
1.3153700899172376,2.1111166330129385,-0.7957465430957009,46.0
1.0816356719884646,1.069872439347647,0.011763232640817467,46.0
1.109557495944469,0.9715901716062855,0.13796732433818348,47.0
1.4134259738510364,1.9819653237490207,-0.5685393498979843,46.0
1.3327080055419944,0.7856174304545793,0.5470905750874151,46.0
2.323088188487307,2.7309634314759523,-0.4078752429886454,45.0
0.9133266126521197,0.7074262212386826,0.20590039141343708,46.0
0.8730752958393784,1.2930995269915044,-0.42002423115212606,45.0
0.9498929177210417,1.48585964372004,-0.5359667259989983,45.0
0.7366511974618908,1.7677003812679648,-1.031049183806074,44.0
0.8528181816307039,0.6482974768846941,0.2045207047460098,45.0
1.731018902230676,1.5369345860617984,0.19408431616887745,45.0
0.6748357066279425,2.0884901716994633,-1.4136544650715208,44.0
1.4642290481068663,2.149368469827922,-0.6851394217210556,43.0
2.1074702786616557,3.4525437667091086,-1.3450734880474529,42.0
1.4192924743562552,1.0400913186269256,0.37920115572932955,42.0
0.9214703537908422,1.2644647286018953,-0.3429943748110531,42.0
0.8606275861900315,1.6467874939016665,-0.7861599077116349,41.0
1.1682892657247512,0.8162429854816946,0.3520462802430566,41.0
1.3281645032006844,0.835368073606255,0.4927964295944294,42.0
1.715805837373911,1.152885168308859,0.5629206690650519,43.0
1.4686882534191756,2.9292081373890047,-1.460519883969829,42.0
1.872887347894239,0.663264561914379,1.2096227859798598,43.0
1.0715385609122214,1.4894072248399446,-0.41786866392772315,43.0
2.1140821300689434,1.0945144726532854,1.019567657415658,44.0
0.767625434554319,1.094803483757526,-0.32717804920320703,44.0
1.6812481533892192,0.40425550727180987,1.2769926461174093,44.0
1.499438588590618,0.7847340152704085,0.7147045733202095,44.0
1.0570248353829514,0.936078158770823,0.12094667661212843,44.0
1.1292170301449804,1.0920818822536134,0.03713514789136707,45.0
1.8577205762652886,1.8194431438099175,0.038277432455371185,45.0
0.9159725626414378,0.6505485294766665,0.26542403316477126,46.0
1.9945027686259857,0.7669397868121596,1.227562981813826,47.0
1.124060408280238,1.1929347611160817,-0.06887435283584376,47.0
1.111571210330933,1.3820898037680127,-0.27051859343707974,46.0
0.8339326335038272,2.0789442739131836,-1.2450116404093565,46.0
2.4997028040292983,1.4349241313389807,1.0647786726903177,46.0
2.8812581215063884,1.1818193276840172,1.6994387938223712,46.0
1.8362943226131283,0.8351078864471603,1.001186436165968,46.0
1.6379986348795192,1.7786560764213415,-0.14065744154182225,46.0
2.07655841635197,1.0531243566799,1.0234340596720701,46.0
0.9535562408826852,0.597220892230142,0.35633534865254324,47.0
1.0271766913617473,0.7956353006865237,0.2315413906752236,48.0
1.127963853178089,1.292174164228395,-0.16421031105030615,48.0
1.227694373875734,2.543345613172091,-1.3156512392963569,48.0
1.3217628700054855,0.791665734850365,0.5300971351551206,48.0
1.309995527239563,0.6109340982783412,0.6990614289612217,48.0
1.7721447610073136,1.6395784936898126,0.13256626731750099,48.0
1.3878447870538322,1.837124293673878,-0.4492795066200459,47.0
0.8036501110890742,1.591280367719226,-0.7876302566301517,46.0
0.99362656851583,1.4839812387576314,-0.49035467024180146,46.0
1.554110418704547,1.535899144127833,0.01821127457671401,46.0
1.7237905968078113,2.4287830800360974,-0.7049924832282861,45.0
1.6317630112309898,1.3691846830917527,0.2625783281392371,46.0
1.1688177659593382,1.2797215613924349,-0.1109037954330967,46.0
1.0615824048223321,1.584311232874169,-0.522728828051837,45.0
1.393573422912377,1.0654773712158216,0.3280960516965554,46.0
1.0708150811736463,1.2136657962419253,-0.14285071506827896,46.0
1.6234676054713977,1.7665864583646973,-0.14311885289329962,46.0
1.6710097064551663,0.7210998962510192,0.9499098102041471,46.0
2.7314112840976716,0.8281807070193206,1.903230577078351,47.0
1.9718527075402823,0.642229557141144,1.3296231503991383,47.0
1.0444331871697066,1.1536229283459114,-0.10918974117620484,47.0
1.0251860763024272,0.9450273295780122,0.08015874672441503,48.0
0.7554971504626674,2.40336717880295,-1.6478700283402827,48.0
0.7614244422292172,2.004537456190245,-1.243113013961028,47.0
1.4609495280446998,0.7575752811755297,0.70337424686917,48.0
1.1755981352495848,1.6083910651663225,-0.4327929299167377,48.0
0.7179296379797285,0.849998517991583,-0.13206888001185446,47.0
1.2300195006627792,1.5864295945165459,-0.35641009385376665,47.0
1.530748049431994,1.2797215613924349,0.2510264880395592,48.0
1.471732095310362,1.2011493437040723,0.27058275160628975,49.0
1.1378635506596078,0.9722240468283021,0.16563950383130566,49.0
1.0798740658889494,1.4345892682237409,-0.3547152023347915,49.0
1.054781827636783,0.729714396678982,0.3250674309578011,50.0
1.5680760367732185,1.1111123839856152,0.4569636527876033,51.0
2.6673513098006456,0.527998844033434,2.1393524657672116,51.0
1.199445263932055,1.513459382784079,-0.314014118852024,51.0
2.148273673036118,2.0201022350109916,0.12817143802512643,51.0
1.0905334099236148,1.0666666666666658,0.02386674325694904,52.0
0.8553339836966936,0.6743086584245128,0.18102532527218074,52.0
0.5981556108009377,0.3250066824765365,0.2731489283244012,52.0
0.7960883196565844,1.0681826474748746,-0.2720943278182901,51.0
1.1077271638227397,3.4188085803213992,-2.3110814164986593,51.0
0.8084832791553478,0.9556962581536637,-0.14721297899831587,50.0
1.5287783145592289,1.0654773712158196,0.4633009433434092,51.0
0.8717016958076016,1.4658823132920467,-0.5941806174844451,51.0
1.3424175564907148,1.5947807878633913,-0.25236323137267647,50.0
1.5717529651897146,0.86530764876992,0.7064453164197947,51.0
1.9374896022739445,1.787491809751926,0.1499977925220186,52.0
1.113462177870514,2.5844140351180043,-1.4709518572474902,51.0
0.41068613202200827,0.2971971963200821,0.11348893570192614,52.0
1.7803141326577645,0.7328232334937613,1.047490899164003,53.0
0.8500881858414244,0.8404266455392532,0.009661540302171256,54.0
1.487364728657659,1.2208246730234715,0.2665400556341875,55.0
1.5800274775600653,0.6994377551490352,0.8805897224110302,56.0
1.3333301386660559,1.2527372401557464,0.08059289851030949,56.0
1.1131463424389436,1.37093211817702,-0.2577857757380764,56.0
1.1268475096385249,1.110919031771198,0.015928477867326762,57.0
1.339520591826212,0.5263141374930542,0.8132064543331579,57.0
0.7514314726284238,1.0535712242126478,-0.302139751584224,57.0
2.27888550368297,0.7511311257682816,1.5277543779146883,57.0
0.6854287826922647,2.83849789243334,-2.1530691097410752,56.0
1.0422500357787436,2.2459166539626714,-1.2036666181839277,56.0
2.0037158756593336,2.287127761784465,-0.2834118861251316,55.0
1.1816619486431734,1.2621651238639715,-0.08050317522079808,55.0
0.8852227057397751,0.7761498035440948,0.10907290219568033,55.0
1.2196787966866396,1.8427061156642441,-0.6230273189776045,55.0
0.5779219472150346,0.27777733702968355,0.3001446101853511,56.0
1.0699756913560659,1.9044300676861188,-0.8344543763300529,56.0
1.286278585221305,1.307927173267321,-0.021648588046015993,55.0
1.7782818345429792,1.0272708911760207,0.7510109433669585,55.0
0.8233374047260038,2.27939229535312,-1.456054890627116,55.0
1.115104012404554,1.5512129585697931,-0.4361089461652392,55.0
1.9392883678439448,2.241431261500446,-0.3021428936565014,55.0
1.0501905626219168,2.157533058671298,-1.1073424960493812,54.0
1.176859753301112,1.2215977624134646,-0.044738009112352595,54.0
0.7758335363407582,1.1358021750824594,-0.35996863874170115,54.0
1.3407428832036672,0.6821191555251549,0.6586237276785123,54.0
1.155196000548484,1.3746043930432772,-0.21940839249479316,53.0
1.2976938536266434,1.551726266956177,-0.25403241332953375,52.0
1.7431295526488937,2.741115138458223,-0.9979855858093292,52.0
1.417150707566706,1.1045733031930651,0.3125774043736409,52.0
2.0035138412473543,1.3945569537934808,0.6089568874538736,53.0
1.646544132648305,0.5232821395660129,1.1232619930822922,53.0
1.3630308302124827,1.054762649536132,0.30826818067635076,54.0
1.4900533175280148,1.2426483523905805,0.24740496513743437,54.0
0.5890088946251911,0.29241368054044276,0.29659521408474837,54.0
2.1055818476746544,3.094372864159699,-0.9887910164850444,53.0
1.2032472906288334,0.6425327816837245,0.5607145089451089,53.0
1.5334421417722204,0.30705803130409404,1.2263841104681263,53.0
1.2776322464605037,1.5204036627520123,-0.24277141629150867,52.0
1.5614324102461097,0.42627566826441177,1.135156741981698,52.0
1.7988739303195498,1.2155499570677746,0.5833239732517752,53.0
2.050971391618495,0.5734234671016984,1.4775479245167966,54.0
1.0046397178324764,1.3269942120584732,-0.3223544942259968,54.0
1.274405993090077,0.6895741604108393,0.5848318326792378,54.0
2.558362329387092,1.5903610717337757,0.9680012576533163,54.0
1.5362851129758626,1.0731684967612234,0.4631166162146392,54.0
1.036235483056747,0.947478574865006,0.08875690819174109,55.0
1.2358214029394607,2.308111936993906,-1.072290534054445,54.0
1.5781487971912345,1.102223305824981,0.4759254913662534,54.0
1.5557906400689574,1.3959423616415867,0.1598482784273707,54.0
2.1955319051893305,1.4749610762438856,0.7205708289454449,55.0
2.3675557928715363,0.9654830804005298,1.4020727124710066,56.0
1.5995780204592993,0.8585857673148576,0.7409922531444417,56.0
2.1552062515416903,2.303886734414663,-0.14868048287297286,55.0
2.496846893906173,0.5233930000268592,1.973453893879314,55.0
1.289213998417569,0.7411437337545254,0.5480702646630436,56.0
2.2404046664660937,0.6937500933557333,1.5466545731103603,57.0
1.4231056952223409,1.5411737919823583,-0.1180680967600174,57.0
1.1838617298185685,1.2270400183541426,-0.04317828853557404,56.0
0.9506032451461371,1.789996655222934,-0.8393934100767969,56.0
0.887956531550431,0.6698082954214684,0.2181482361289626,56.0
1.7879829085128853,0.631270690806295,1.1567122177065903,57.0
1.727483808478668,1.5090675087738774,0.21841629970479048,58.0
0.9648288417260396,2.234819989950193,-1.2699911482241533,57.0
1.6671444307446686,1.5714236792315999,0.09572075151306869,58.0
1.5507855268959738,1.4623140122366407,0.08847151465933312,59.0
1.3614104535521034,1.0867418000537097,0.27466865349839376,59.0
2.11942354891519,0.7577307285245652,1.361692820390625,59.0
1.165204850983024,1.0348237351266534,0.13038111585637058,59.0
2.813367251501157,0.5111600160598748,2.3022072354412826,60.0
2.5690270259084027,1.608302661995756,0.9607243639126466,60.0
0.4150984584095913,0.542880417271021,-0.12778195886142968,60.0
1.3835808765589501,0.9393955475344965,0.4441853290244536,61.0
1.6227263132672465,0.945093569548233,0.6776327437190135,61.0
0.9271414405751132,1.3309136022086399,-0.4037721616335267,61.0
1.9547694199204289,1.3280861340470467,0.6266832858733822,62.0
1.2538150507266324,1.4729731985041705,-0.21915814777753817,62.0
2.9592961912933693,2.4115516387073868,0.5477445525859825,62.0
0.9944780233507425,0.7457628068214298,0.24871521652931272,62.0
1.172974680522788,1.5509994586180462,-0.37802477809525814,61.0
1.0240237849069418,1.655753410683113,-0.6317296257761713,61.0
2.382757153822035,0.6472615157261145,1.7354956380959203,61.0
1.162198665699832,0.5962104100657539,0.5659882556340781,61.0
1.554936381247956,1.4931442418560634,0.06179213939189254,61.0
2.0031267861428574,2.12232168324869,-0.11919489710583253,61.0
1.3611886025415392,0.7582932522783894,0.6028953502631498,61.0
1.5456593138545225,1.8076825180008198,-0.2620232041462973,60.0
1.5349314312444275,1.0330915121985211,0.5018399190459064,60.0
1.4046066264510026,1.1195133768165062,0.28509324963449645,60.0
0.9460836323677264,1.417773348218363,-0.47168971585063657,60.0
0.9638872523115511,1.2314294324730342,-0.267542180161483,60.0
1.1119718562864276,0.5606711943888634,0.5513006618975642,61.0
0.7322446428293647,1.0471695934707985,-0.3149249506414338,60.0
1.247196649086787,0.7105684782713597,0.5366281708154272,61.0
0.9226177840563318,0.930455805792666,-0.007838021736334189,61.0
1.407874915709466,1.1098294326740714,0.2980454830353947,61.0
0.8982192922706529,1.517887866058223,-0.61966857378757,60.0
0.8493992123774429,0.6730220760958895,0.17637713628155338,61.0
1.765673086648602,1.097015503122895,0.6686575835257069,61.0
1.187508644644302,1.355000167560793,-0.16749152291649105,60.0
1.654731878270855,2.3111083682986333,-0.6563764900277782,59.0
2.257624546694951,0.4776089006027479,1.780015646092203,59.0
1.2541982902923845,1.7315203890770334,-0.47732209878464893,58.0
1.343927786849691,1.4178149618434144,-0.07388717499372333,57.0
0.6675585617758175,0.9746823206193976,-0.3071237588435801,57.0
1.0155478298003604,1.402427270582071,-0.38687944078171066,56.0
1.4345699007356383,2.850003242492676,-1.4154333417570375,55.0
1.8316690433383758,0.9444414280151894,0.8872276153231864,56.0
1.1489840635918143,1.5343319604376893,-0.385347896845875,55.0
1.1122608357921957,0.6056334355482114,0.5066274002439843,56.0
2.2772168535734996,0.829786242808779,1.4474306107647206,57.0
1.6066443583556693,3.565061507548732,-1.9584171491930626,57.0
2.140283579925439,2.998368903185406,-0.8580853232599672,57.0
2.1625234564470133,0.5351353635435133,1.6273880929034998,57.0
1.248983029492136,2.2911207465923233,-1.0421377171001873,57.0
1.616267205871188,0.8115934251636362,0.8046737807075518,57.0
1.1068955171679382,0.7096768157692045,0.3972187013987337,58.0
1.0862625651433442,0.5844775165431118,0.5017850486002324,59.0
2.4199687517543693,1.1766948621121804,1.2432738896421889,59.0
0.8810513984951973,0.7908213464740624,0.09023005202113488,60.0
1.168416912886912,2.1834905314606203,-1.0150736185737084,60.0
0.8934250755476416,2.6190394417036305,-1.7256143661559888,60.0
0.7284300110487811,0.6915437618083206,0.03688624924046058,61.0
1.341038269051627,1.2302137756634486,0.11082449338817835,62.0
1.227243779078447,1.9233520765184735,-0.6961082974400266,62.0
1.0121376919042937,2.2129855881095724,-1.2008478962052787,61.0
2.0366940011990247,0.5988539722212038,1.4378400289778208,62.0
1.1968931274364516,0.7508895814745453,0.4460035459619063,63.0
0.8176307523833465,1.6539282354634466,-0.8362974830801001,63.0
2.048565892020327,0.8417541287736285,1.2068117632466984,63.0
0.9422584669114867,1.258058175271075,-0.31579970835958837,62.0
1.177415345795307,1.3867992319800977,-0.20938388618479076,61.0
1.406052381816475,1.5391261692214098,-0.1330737874049348,60.0
1.243640671911843,0.8835326360419539,0.36010803586988904,60.0
1.1378742154241883,0.6390059798765024,0.4988682355476859,60.0
1.6202903742445562,1.3553906568497116,0.26489971739484464,61.0
1.5588315622674378,1.103681411256768,0.4551501510106697,61.0
1.0575133657910414,1.4811941131362367,-0.42368074734519534,60.0
0.6218834411974491,2.3236895528393924,-1.7018061116419432,60.0
1.1803978144955034,1.3669570045092239,-0.18655919001372046,59.0
1.1958936137734064,1.2252072756343004,-0.029313661860894014,58.0
1.4873477315654913,2.1834905314606203,-0.6961427998951291,57.0
1.154601310868862,1.4859410555527297,-0.33133974468386773,57.0
1.5678300226923516,1.0336709167132094,0.5341591059791422,57.0
2.6230723571937697,0.4573005554419038,2.165771801751866,57.0
2.909020538555532,0.5408943867425489,2.3681261518129832,57.0
1.2823533820882522,1.3216579296940318,-0.039304547605779616,56.0
1.3347154178759555,0.3174160745680747,1.0172993433078807,57.0
1.9798726109661755,1.190709661353555,0.7891629496126205,57.0
1.7397609257351643,0.9478623258078974,0.7918985999272669,57.0
1.4807312410599862,1.0392682238582576,0.44146301720172865,57.0
1.48093601395252,1.2440214705477104,0.23691454340480966,57.0
1.0049647373559785,1.4915573981972667,-0.48659266084128827,56.0
0.6036564636977996,0.32659763314981055,0.277058830547989,57.0
1.0203347636603917,0.924628739460124,0.09570602420026764,57.0
1.5048438177447772,1.9013544101229254,-0.39651059237814823,56.0
0.9889140261918619,1.4486755884640385,-0.4597615622721767,55.0
1.568792860292885,2.544115328595308,-0.9753224683024231,55.0
1.8144461908086638,0.8566883487529899,0.9577578420556738,56.0
1.1407563572595758,1.3576292930949423,-0.2168729358353665,56.0
1.086607979299537,0.5386181277650651,0.5479898515344718,56.0
1.472478895737137,0.7789277638047407,0.6935511319323964,56.0
1.4316568819875604,0.6578933429861816,0.7737635390013787,56.0
1.9214863963286941,1.0833333333333321,0.838153062995362,57.0
0.7455491128949574,1.545737041549077,-0.8001879286541196,56.0
1.3028801508078711,1.2133766975059808,0.08950345330189036,56.0
1.2302278164355362,0.8012427500048903,0.42898506643064593,56.0
1.5524057612617104,2.3664866275766046,-0.8140808663148942,55.0
1.8948561396311634,1.4195735303494352,0.47528260928172816,55.0
1.3943713475273924,0.8692806447922461,0.5250907027351464,55.0
1.1641671738892174,1.5030611045283917,-0.3388939306391743,54.0
1.1986516548415944,0.7456556292548115,0.45299602558678287,55.0
0.9001831967762756,0.5586948331679881,0.3414883636082875,55.0
1.3167354643031808,1.825710988537619,-0.5089755242344383,54.0
1.3047442928174655,1.6708105933644075,-0.366066300546942,54.0
0.6589680643308738,0.8178290024478668,-0.15886093811699298,53.0
1.9209075544835943,1.9529354531069647,-0.03202789862337041,53.0
1.0042027648589937,0.7679102249461907,0.23629253991280308,53.0
2.4980445606177235,1.703909834466192,0.7941347261515315,53.0
2.015026912600087,2.314486747624575,-0.29945983502448836,53.0
1.684192642055212,0.6594534763986408,1.0247391656565712,54.0
1.304950197664291,1.3745708730679869,-0.06962067540369588,53.0
2.0991934137642425,2.088229490409852,0.010963923354390559,53.0
0.9952072079595052,1.2075623379214036,-0.21235512996189831,52.0
1.6265934921744902,1.0864197907333872,0.540173701441103,53.0
1.373574630318631,1.0917062656520475,0.2818683646665834,53.0
0.7719014827383898,1.1415086964411367,-0.36960721370274696,53.0
1.3882080579725768,1.0671158668564578,0.3210921911161191,53.0
1.8015779784072123,2.1188327192796264,-0.317254740872414,52.0
1.8771986181530782,1.2072351746213226,0.6699634435317556,53.0
2.095209339943037,2.6000964236676523,-0.5048870837246153,53.0
1.2716046791282634,2.4233560210036345,-1.151751341875371,52.0
1.2486781281284827,1.126918973941047,0.12175915418743566,53.0
1.7146895115958805,1.0448401698374536,0.6698493417584268,53.0
1.5950201338295213,0.684617249602897,0.9104028842266243,54.0
1.3497500520877739,2.3451347143457535,-0.9953846622579796,53.0
1.1985589284799991,2.2459166539626714,-1.0473577254826723,53.0
3.697256292396733,1.2827659127198698,2.414490379676863,53.0
0.8605153390295225,1.0989612315018482,-0.23844589247232573,52.0
1.4364786891870966,1.6422014052093494,-0.20572271602225278,52.0
1.1990492163353685,1.1368895566421036,0.06215965969326498,53.0
2.74873071102035,1.650559788092136,1.0981709229282137,53.0
1.445985998187504,1.5168929085562306,-0.07090691036872654,53.0
1.2578430221364372,0.2545584204474437,1.0032846016889936,54.0
1.5198056235475503,1.8927104619249886,-0.37290483837743826,54.0
2.3719227835690284,1.1625774230569423,1.209345360512086,55.0
0.4597378964245124,0.542880417271021,-0.08314252084650858,55.0
1.7014765096163413,0.784108586408693,0.9173679232076484,55.0
1.1438050740546462,1.7488365932487364,-0.6050315191940903,55.0
1.0944263671100816,2.6954656019326904,-1.6010392348226088,54.0
1.1960197679972204,1.2955042900757163,-0.0994845220784959,53.0
0.8195134321199186,0.9805001452665205,-0.16098671314660196,53.0
0.4860305198280909,1.1158545778888165,-0.6298240580607255,53.0
1.8077051004625735,0.7829104741939412,1.0247946262686323,53.0
1.9773288811591259,0.8834074757146058,1.09392140544452,54.0
2.9931471265063574,0.7262572865964814,2.266889839909876,54.0
0.4825662425092221,1.0810812046151526,-0.5985149621059305,53.0
1.0863421857846174,1.2719113013902017,-0.1855691156055843,52.0
1.2725191768726323,1.0282485726173316,0.24427060425530067,52.0
2.7901223131745407,0.8290890366252411,1.9610332765492995,52.0
1.1158425831235992,0.9113925163073278,0.20445006681627143,53.0
1.8485347059161923,1.9930559405948853,-0.14452123467869304,53.0
0.9965481129117321,0.709623583087228,0.2869245298245041,53.0
3.497378371173535,1.2853858671765543,2.2119925039969806,53.0
2.024194539699643,0.6351341427978737,1.389060396901769,54.0
2.0066631863843027,0.4802259744239021,1.5264372119604006,55.0
1.0510896948743134,1.4522833928805914,-0.401193698006278,54.0
0.767278928155708,0.4432333521281304,0.32404557602757755,54.0
2.5999539553399176,0.6701013339250168,1.9298526214149008,55.0
1.7772631974806896,2.2750134738860313,-0.49775027640534164,54.0
1.3051931087861701,0.5425319864702839,0.7626611223158862,55.0
0.8588411339334081,1.7249557529699582,-0.8661146190365501,55.0
1.036738928594457,1.1488399043212003,-0.11210097572674327,55.0
0.8578879807940791,0.7247722986271004,0.13311568216697878,55.0
0.7738727369975948,0.9027040520871281,-0.12883131508953327,54.0
1.0436139126259898,1.4901343692253903,-0.44652045659940054,53.0
0.8088917638421504,1.5221299665171262,-0.7132382026749757,52.0
2.2254953721735284,1.665916948540323,0.5595784236332055,53.0
2.295055126464216,1.1392398848600278,1.1558152416041882,54.0
1.2442956773229505,2.0676842150976116,-0.823388537774661,54.0
2.3316864698631865,1.8716238543804642,0.4600626154827223,55.0
2.57791151355532,1.5894165198590773,0.9884949936962426,56.0
1.859125389839974,1.2536780004942623,0.6054473893457117,57.0
1.9709948269970818,1.9071589840330225,0.06383584296405931,57.0
0.9042350857878289,1.4271183207337677,-0.5228832349459388,56.0
0.9354351161631949,0.5218191586149609,0.413615957548234,56.0
1.4705789137708252,1.2013200782747329,0.2692588354960923,57.0
1.5435393982530758,0.7795990861457583,0.7639403121073175,57.0
0.9274959439896969,1.0952380952380962,-0.1677421512483993,56.0
1.263519711095556,0.7410077373959337,0.5225119736996223,56.0
0.996185280546947,1.2851593063127047,-0.2889740257657577,55.0
1.0215325041073295,0.7471284577884221,0.27440404631890747,55.0
1.5145675372275407,0.4249484592234331,1.0896190780041075,56.0
3.332476984410127,1.0524691144055902,2.2800078700045368,56.0
1.0637189938765732,0.6088442121233256,0.4548747817532476,56.0
1.8123139913988546,0.8253782475350044,0.9869357438638502,57.0
1.1241039579151946,0.6657313622568769,0.45837259565831767,58.0
1.8733117452079027,0.8404266455392532,1.0328850996686496,59.0
0.9082616761914694,1.193114137763028,-0.28485246157155875,58.0
1.0894322363419802,1.7419371186489587,-0.6525048823069786,58.0
1.5391389570299896,2.1440204959869074,-0.6048815389569178,57.0
1.6292771708747387,0.669310410354476,0.9599667605202626,57.0
1.3887728533354804,2.771653972103044,-1.3828811187675636,56.0
0.9834009739171313,1.0968968984717002,-0.11349592455456892,55.0
0.8990823669541448,0.5450644049809501,0.3540179619731947,56.0
1.6913466238140584,0.5502229985114008,1.1411236253026575,56.0
1.332836371795345,0.5114947798574738,0.8213415919378713,56.0
1.4904574713359817,1.6095599249266528,-0.11910245359067106,56.0
1.9044276960737763,0.8210116536592473,1.083416042414529,56.0
0.9548841711328528,0.6650916012563897,0.2897925698764632,56.0
0.9847700573708899,1.2022057127172043,-0.21743565534631448,56.0
1.1813029332144394,1.6060428042445176,-0.42473987103007826,55.0
1.604179259797848,1.010565888148489,0.593613371649359,55.0
2.0863004017473665,0.9616462438368458,1.1246541579105207,56.0
1.3604144478878533,1.1201835289415665,0.2402309189462868,57.0
1.0663571447299451,1.7313762004081754,-0.6650190556782303,57.0
1.8084875920111605,1.3045460023952453,0.5039415896159152,58.0
1.4852214019044854,0.7445992260444465,0.7406221758600389,58.0
1.316849876124191,1.6800071564025536,-0.3631572802783627,57.0
2.946139836602858,0.9090903828414146,2.0370494537614436,58.0
1.4670724061206315,1.3269942120584732,0.14007819406215827,58.0
1.148077954519173,2.8969232065768535,-1.7488452520576805,58.0
1.0683945068713951,1.0048324483344815,0.06356205853691366,58.0
2.7868671806684735,1.0640646230082857,1.7228025576601877,59.0
1.9292783908592335,0.7881072718181334,1.1411711190411,59.0
0.6458899936755103,1.4658636993789942,-0.8199737057034839,58.0
2.5620798100982114,0.680648172242962,1.8814316378552494,59.0
2.574899644560889,0.9845210895339497,1.5903785550269394,59.0
1.7587256674377236,1.5741103910808374,0.18461527635688624,60.0
1.221146367189042,0.8232052981532404,0.3979410690358015,60.0
1.1157086951658517,0.7256695957355538,0.3900390994302979,61.0
1.0079896377419333,0.7156870102674272,0.2923026274745061,62.0
1.850805196677074,1.5034575416043492,0.3473476550727248,62.0
1.3659393137216016,0.5128300195707773,0.8531092941508243,62.0
1.3630215539821426,0.7924498286113207,0.5705717253708219,62.0
2.690601285889403,0.5109481653003389,2.179653120589064,63.0
2.075806339296008,0.6535228201516516,1.4222835191443566,64.0
0.7254112474386818,1.0233930000268585,-0.2979817525881767,63.0
1.1273008301672038,2.3404256026752237,-1.2131247725080199,63.0
0.8848237010518757,1.3860527194509624,-0.5012290183990867,63.0
2.1046718595235547,0.7799034314276325,1.3247684280959222,63.0
1.208569948347566,1.1785720586776758,0.029997889669890254,63.0
1.9501766770224196,0.7922688139030291,1.1579078631193904,64.0
1.2436755872445004,2.356530746446651,-1.1128551592021505,63.0
1.568392071165039,1.6952662305309891,-0.12687415936595015,63.0
1.224165059756942,1.1162773862691866,0.10788767348775541,63.0
0.6926793381080548,1.40399897845517,-0.7113196403471153,63.0
0.7995086933064938,1.3066519975156266,-0.5071433042091328,62.0
1.2209134197567064,2.6190394417036305,-1.398126021946924,62.0
1.3256351480072062,1.4019626554369529,-0.0763275074297467,62.0
0.8007752206791902,1.0291272313004842,-0.22835201062129407,62.0
2.201434171656889,1.2992148823017295,0.9022192893551595,63.0
1.6701883155885897,0.4829196387687685,1.1872686768198213,64.0
1.4364082543246253,0.6472615157261145,0.7891467385985108,64.0
1.4635440545168639,0.3745542841992579,1.088989770317606,64.0
1.1295395594186355,0.7187692811999621,0.4107702782186734,64.0
1.273560932189085,0.9799191278695917,0.2936418043194934,65.0
2.0799462367484343,0.8268143319423984,1.2531319048060359,66.0
1.1574016229206536,0.5902436470061907,0.5671579759144629,66.0
2.096858278512011,1.289291276654563,0.8075670018574479,66.0
1.28618278605893,0.6384363630891797,0.6477464229697504,66.0
1.360536763480935,1.8206786108011306,-0.4601418473201955,66.0
1.3139649070413117,1.6338181374621998,-0.3198532304208881,65.0
1.6670347070464813,0.9854769091933392,0.6815577978531421,65.0
1.737970408480964,1.3395259993777482,0.39844440910321577,65.0
1.4809833252593492,1.9586067396838707,-0.4776234144245215,64.0
1.4386427030437046,0.8638504874325126,0.574792215611192,65.0
1.1158541321970292,1.1237123412938952,-0.007858209096865965,64.0
1.1296338231315874,0.9162762622898886,0.21335756084169888,64.0
1.014558965716925,0.5353959903827045,0.4791629753342205,65.0
1.5141548156973614,4.264328603940271,-2.7501737882429094,64.0
1.8076299357695278,2.21353709087799,-0.4059071551084623,64.0
2.106482583283536,1.9492786987736928,0.15720388450984313,65.0
2.0818760700345744,1.4888880995773577,0.5929879704572167,65.0
1.2215012108002505,0.9516318093782683,0.26986940142198224,66.0
1.8409841471535624,0.8957013772024185,0.9452827699511439,67.0
2.0754083380311967,0.7615233165378635,1.3138850214933333,68.0
0.4560470449812355,0.45099925189697626,0.005047793084259233,68.0
1.0979209698203996,0.6428586959838857,0.4550622738365139,68.0
1.2718772367083324,0.8641317294662513,0.40774550724208114,69.0
3.3736517430783692,1.5762322402698117,1.7974195028085576,69.0
2.110073228475229,1.5690312490272043,0.5410419794480246,69.0
1.5686169034826083,1.5999479821248905,-0.03133107864228224,68.0
1.2954775280461375,1.6766609880475714,-0.3811834600014339,67.0
1.4514988002032567,1.2392232462323527,0.21227555397090403,68.0
1.074838066293507,1.2644647286018953,-0.1896266623083882,67.0
1.275589434426395,1.33566237203782,-0.06007293761142507,66.0
1.6283057441347577,2.319518297099375,-0.6912125529646171,65.0
1.307876881368803,1.7051419703154476,-0.3972650889466445,65.0
1.538608005336923,2.1920178572973574,-0.6534098519604343,64.0
1.2842860258650606,0.9191925124534295,0.3650935134116311,65.0
1.6335088264464448,0.7534597298763509,0.8800490965700939,65.0
1.6263353678041375,1.4590316511791817,0.1673037166249558,65.0
1.3178897094313424,1.6825574043227236,-0.3646676948913812,64.0
1.459360003627923,1.6123937133988664,-0.15303370977094333,63.0
1.9386568134299644,0.5574714054848467,1.3811854079451176,63.0
1.5919338345340268,0.5080664345618444,1.0838673999721824,63.0
0.639232932451233,0.5776566397658643,0.06157629268536868,63.0
0.9633892405308823,1.6657093448185356,-0.7023201042876533,63.0
2.2531466870618817,0.6774186567021951,1.5757280303596866,64.0
1.7308825784823276,1.6649732018873395,0.06590937659498808,65.0
1.1330689462847277,0.5807888018459287,0.5522801444387989,65.0
2.2561861974551474,0.6769752410323333,1.579210956422814,66.0
0.8652340230842064,1.0060601710665427,-0.14082614798233628,66.0
1.4678316757585883,0.5962104100657539,0.8716212656928344,66.0
1.2528257705480996,1.4251981980381363,-0.17237242749003667,65.0
1.2277268600500184,1.3580562818791222,-0.1303294218291038,64.0
1.333061838977178,1.584311232874169,-0.2512493938969911,64.0
1.031256985638052,0.5420177203231714,0.4892392653148806,64.0
1.8249703047095893,2.6190507676866317,-0.7940804629770424,63.0
0.5529663157363847,0.4483003790180872,0.10466593671829744,64.0
2.5658422441392004,0.8360146706236183,1.729827573515582,65.0
1.3210221756659086,1.126918973941047,0.19410320172486162,65.0
0.9157066871265873,1.1727550473913344,-0.2570483602647471,64.0
1.8372048487873147,1.153491310714138,0.6837135380731767,64.0
1.1524067863997707,0.9344486167197041,0.21795816968006654,65.0
1.0635091578799507,0.7169052961829642,0.34660386169698654,65.0
2.51590710080181,0.5736954248324054,1.9422116759694044,65.0
1.5605430281919213,0.767690865090904,0.7928521631010172,66.0
1.6633106599485386,1.4291668584977324,0.23414380145080615,66.0
1.9170598088623962,0.8064336603534049,1.1106261485089912,66.0
1.5873052454971517,0.6657313622568769,0.9215738832402748,67.0
0.8123821888273289,1.4326766035241651,-0.6202944146968362,66.0
1.3892537068818407,1.1500000000000006,0.2392537068818401,66.0
2.338819789745617,0.9340372510003836,1.4047825387452333,66.0
1.17746528217461,0.5683773875230814,0.6090878946515287,67.0
0.9324040690914368,1.083943809530068,-0.15153974043863117,66.0
1.780964772090961,0.718316405223114,1.062648366867847,66.0
1.8341781676260653,1.3521643092998017,0.48201385832626364,66.0
1.2866348622839676,1.4173693448011813,-0.13073448251721365,65.0
